-- =============================================================================
-- Seed: Accra trotro routes, stops, and buses
-- Safe to re-run — all inserts use ON CONFLICT DO NOTHING.
-- geom column on bus_stops is populated automatically by trigger 012.
-- =============================================================================

-- -----------------------------------------------------------------------------
-- 1. Bus Stops
-- -----------------------------------------------------------------------------
INSERT INTO public.bus_stops (id, name, type, lat, lng, status) VALUES
  ('a1000000-0000-0000-0000-000000000001', 'Accra Central (Tema Station)',  'station', 5.5500, -0.2167, 'active'),
  ('a1000000-0000-0000-0000-000000000002', 'Kwame Nkrumah Circle',          'station', 5.5700, -0.2200, 'active'),
  ('a1000000-0000-0000-0000-000000000003', 'Kaneshie Market',               'station', 5.5633, -0.2467, 'active'),
  ('a1000000-0000-0000-0000-000000000004', 'Kaneshie First Light',          'stop',    5.5650, -0.2480, 'active'),
  ('a1000000-0000-0000-0000-000000000005', '37 Military Hospital',          'stop',    5.5867, -0.1833, 'active'),
  ('a1000000-0000-0000-0000-000000000006', 'Madina',                        'station', 5.6783, -0.1633, 'active'),
  ('a1000000-0000-0000-0000-000000000007', 'University of Ghana (Legon)',   'stop',    5.6502, -0.1868, 'active'),
  ('a1000000-0000-0000-0000-000000000008', 'Achimota',                      'station', 5.6167, -0.2333, 'active'),
  ('a1000000-0000-0000-0000-000000000009', 'Lapaz',                         'stop',    5.6083, -0.2500, 'active'),
  ('a1000000-0000-0000-0000-000000000010', 'Dome',                          'stop',    5.6533, -0.2350, 'active'),
  ('a1000000-0000-0000-0000-000000000011', 'Kasoa',                         'station', 5.5333, -0.4267, 'active'),
  ('a1000000-0000-0000-0000-000000000012', 'Weija',                         'stop',    5.5467, -0.3550, 'active'),
  ('a1000000-0000-0000-0000-000000000013', 'Dansoman',                      'stop',    5.5383, -0.2567, 'active'),
  ('a1000000-0000-0000-0000-000000000014', 'Adenta',                        'stop',    5.6950, -0.1617, 'active'),
  ('a1000000-0000-0000-0000-000000000015', 'Tema',                          'station', 5.6698,  0.0167, 'active'),
  ('a1000000-0000-0000-0000-000000000016', 'Ashaiman',                      'stop',    5.6967,  0.0283, 'active'),
  ('a1000000-0000-0000-0000-000000000017', 'Spintex Road',                  'stop',    5.6217, -0.1283, 'active'),
  ('a1000000-0000-0000-0000-000000000018', 'Osu (Oxford Street)',           'stop',    5.5567, -0.1817, 'active'),
  ('a1000000-0000-0000-0000-000000000019', 'Kotoka Airport',                'stop',    5.6052, -0.1668, 'active'),
  ('a1000000-0000-0000-0000-000000000020', 'East Legon',                    'stop',    5.6467, -0.1533, 'active'),
  ('a1000000-0000-0000-0000-000000000021', 'Nungua',                        'stop',    5.5967, -0.0833, 'active'),
  ('a1000000-0000-0000-0000-000000000022', 'Teshie',                        'stop',    5.5800, -0.1100, 'active'),
  ('a1000000-0000-0000-0000-000000000023', 'La',                            'stop',    5.5717, -0.1617, 'active')
ON CONFLICT (id) DO NOTHING;

-- -----------------------------------------------------------------------------
-- 2. Routes
-- -----------------------------------------------------------------------------
INSERT INTO public.routes (id, name, origin, destination, distance_km, duration_min, fare, status) VALUES
  ('b1000000-0000-0000-0000-000000000001', 'Circle → Madina',          'Kwame Nkrumah Circle',         'Madina',                        12.40, 45, 5.00, 'active'),
  ('b1000000-0000-0000-0000-000000000002', 'Kaneshie → Accra Central', 'Kaneshie Market',               'Accra Central (Tema Station)',  5.20,  20, 3.00, 'active'),
  ('b1000000-0000-0000-0000-000000000003', 'Accra Central → Tema',     'Accra Central (Tema Station)',  'Tema',                          28.50, 65, 8.00, 'active'),
  ('b1000000-0000-0000-0000-000000000004', 'Circle → Lapaz',           'Kwame Nkrumah Circle',          'Lapaz',                         6.30,  25, 3.50, 'active'),
  ('b1000000-0000-0000-0000-000000000005', 'Kaneshie → Kasoa',         'Kaneshie Market',               'Kasoa',                         22.10, 60, 7.00, 'active'),
  ('b1000000-0000-0000-0000-000000000006', '37 → Madina',              '37 Military Hospital',          'Madina',                        14.20, 40, 5.00, 'active'),
  ('b1000000-0000-0000-0000-000000000007', 'Accra Central → Adenta',   'Accra Central (Tema Station)',  'Adenta',                        20.30, 55, 6.50, 'active'),
  ('b1000000-0000-0000-0000-000000000008', 'Circle → Dome',            'Kwame Nkrumah Circle',          'Dome',                          10.10, 35, 4.00, 'active')
ON CONFLICT (id) DO NOTHING;

-- -----------------------------------------------------------------------------
-- 3. Route → Stop sequences
-- -----------------------------------------------------------------------------
INSERT INTO public.route_stops (route_id, stop_id, sequence) VALUES
  -- Circle → Achimota → Legon → Madina
  ('b1000000-0000-0000-0000-000000000001', 'a1000000-0000-0000-0000-000000000002', 1),
  ('b1000000-0000-0000-0000-000000000001', 'a1000000-0000-0000-0000-000000000008', 2),
  ('b1000000-0000-0000-0000-000000000001', 'a1000000-0000-0000-0000-000000000007', 3),
  ('b1000000-0000-0000-0000-000000000001', 'a1000000-0000-0000-0000-000000000006', 4),

  -- Kaneshie Market → Kaneshie First Light → Accra Central
  ('b1000000-0000-0000-0000-000000000002', 'a1000000-0000-0000-0000-000000000003', 1),
  ('b1000000-0000-0000-0000-000000000002', 'a1000000-0000-0000-0000-000000000004', 2),
  ('b1000000-0000-0000-0000-000000000002', 'a1000000-0000-0000-0000-000000000001', 3),

  -- Accra Central → La → Teshie → Nungua → Ashaiman → Tema
  ('b1000000-0000-0000-0000-000000000003', 'a1000000-0000-0000-0000-000000000001', 1),
  ('b1000000-0000-0000-0000-000000000003', 'a1000000-0000-0000-0000-000000000023', 2),
  ('b1000000-0000-0000-0000-000000000003', 'a1000000-0000-0000-0000-000000000022', 3),
  ('b1000000-0000-0000-0000-000000000003', 'a1000000-0000-0000-0000-000000000021', 4),
  ('b1000000-0000-0000-0000-000000000003', 'a1000000-0000-0000-0000-000000000016', 5),
  ('b1000000-0000-0000-0000-000000000003', 'a1000000-0000-0000-0000-000000000015', 6),

  -- Circle → Achimota → Lapaz
  ('b1000000-0000-0000-0000-000000000004', 'a1000000-0000-0000-0000-000000000002', 1),
  ('b1000000-0000-0000-0000-000000000004', 'a1000000-0000-0000-0000-000000000008', 2),
  ('b1000000-0000-0000-0000-000000000004', 'a1000000-0000-0000-0000-000000000009', 3),

  -- Kaneshie → Weija → Kasoa
  ('b1000000-0000-0000-0000-000000000005', 'a1000000-0000-0000-0000-000000000003', 1),
  ('b1000000-0000-0000-0000-000000000005', 'a1000000-0000-0000-0000-000000000012', 2),
  ('b1000000-0000-0000-0000-000000000005', 'a1000000-0000-0000-0000-000000000011', 3),

  -- 37 → Airport → East Legon → Madina
  ('b1000000-0000-0000-0000-000000000006', 'a1000000-0000-0000-0000-000000000005', 1),
  ('b1000000-0000-0000-0000-000000000006', 'a1000000-0000-0000-0000-000000000019', 2),
  ('b1000000-0000-0000-0000-000000000006', 'a1000000-0000-0000-0000-000000000020', 3),
  ('b1000000-0000-0000-0000-000000000006', 'a1000000-0000-0000-0000-000000000006', 4),

  -- Accra Central → 37 → Madina → Adenta
  ('b1000000-0000-0000-0000-000000000007', 'a1000000-0000-0000-0000-000000000001', 1),
  ('b1000000-0000-0000-0000-000000000007', 'a1000000-0000-0000-0000-000000000005', 2),
  ('b1000000-0000-0000-0000-000000000007', 'a1000000-0000-0000-0000-000000000006', 3),
  ('b1000000-0000-0000-0000-000000000007', 'a1000000-0000-0000-0000-000000000014', 4),

  -- Circle → Achimota → Dome
  ('b1000000-0000-0000-0000-000000000008', 'a1000000-0000-0000-0000-000000000002', 1),
  ('b1000000-0000-0000-0000-000000000008', 'a1000000-0000-0000-0000-000000000008', 2),
  ('b1000000-0000-0000-0000-000000000008', 'a1000000-0000-0000-0000-000000000010', 3)
ON CONFLICT DO NOTHING;

-- -----------------------------------------------------------------------------
-- 4. Buses (2 per route, no driver assigned yet)
-- -----------------------------------------------------------------------------
INSERT INTO public.buses (id, registration, route_id, total_seats, seats_available, status) VALUES
  ('c1000000-0000-0000-0000-000000000001', 'GR-1234-24', 'b1000000-0000-0000-0000-000000000001', 14, 14, 'active'),
  ('c1000000-0000-0000-0000-000000000002', 'GW-5678-23', 'b1000000-0000-0000-0000-000000000001', 14, 14, 'active'),
  ('c1000000-0000-0000-0000-000000000003', 'GA-2345-24', 'b1000000-0000-0000-0000-000000000002', 14, 14, 'active'),
  ('c1000000-0000-0000-0000-000000000004', 'AS-6789-22', 'b1000000-0000-0000-0000-000000000002', 14, 14, 'active'),
  ('c1000000-0000-0000-0000-000000000005', 'GN-3456-23', 'b1000000-0000-0000-0000-000000000003', 14, 14, 'active'),
  ('c1000000-0000-0000-0000-000000000006', 'GR-7890-24', 'b1000000-0000-0000-0000-000000000003', 14, 14, 'active'),
  ('c1000000-0000-0000-0000-000000000007', 'GW-4567-22', 'b1000000-0000-0000-0000-000000000004', 14, 14, 'active'),
  ('c1000000-0000-0000-0000-000000000008', 'GA-8901-23', 'b1000000-0000-0000-0000-000000000004', 14, 14, 'active'),
  ('c1000000-0000-0000-0000-000000000009', 'AS-5678-24', 'b1000000-0000-0000-0000-000000000005', 14, 14, 'active'),
  ('c1000000-0000-0000-0000-000000000010', 'GN-9012-22', 'b1000000-0000-0000-0000-000000000005', 14, 14, 'active'),
  ('c1000000-0000-0000-0000-000000000011', 'GR-6789-23', 'b1000000-0000-0000-0000-000000000006', 14, 14, 'active'),
  ('c1000000-0000-0000-0000-000000000012', 'GW-0123-24', 'b1000000-0000-0000-0000-000000000006', 14, 14, 'active'),
  ('c1000000-0000-0000-0000-000000000013', 'GA-7890-22', 'b1000000-0000-0000-0000-000000000007', 14, 14, 'active'),
  ('c1000000-0000-0000-0000-000000000014', 'AS-1234-23', 'b1000000-0000-0000-0000-000000000007', 14, 14, 'active'),
  ('c1000000-0000-0000-0000-000000000015', 'GN-8901-24', 'b1000000-0000-0000-0000-000000000008', 14, 14, 'active'),
  ('c1000000-0000-0000-0000-000000000016', 'GR-2345-22', 'b1000000-0000-0000-0000-000000000008', 14, 14, 'active')
ON CONFLICT (id) DO NOTHING;
